Sequence,Count,Percentage,Possible Source
GGCTACCTTGTTACGACTTCACCCCAGTCGCTGAGCCTACCGTGGTTGGC,637,12.740000000000002,No Hit
GGAAACCTTGTTACGACTTCACCTTCCTCTAAATGATAAGGTTTAGACAA,600,12.0,No Hit
GGAAACCTTGTTACGACTTCACCTTCCTCTAGATGATAAGGTTTAGACAA,572,11.44,No Hit
GGCTACCTTGTTACGACTTCACCCCAGTCGCTGAGCTTACCGTGGCCGGC,168,3.36,No Hit
GGAAACCTTGTTACGACTTCTCCTTCCTCTAAATGTTAAGGTTTACACAA,108,2.16,No Hit
GGCTACCTTGTTACGACTTCACCCCAGTCACCATTCACTCCTTCGGCGGC,77,1.54,No Hit
GGAAACCTTGTTACGACTTCACCTTCCTCTAAATGATAAGGTTTGGACAA,68,1.3599999999999999,No Hit
GGCTACCTTGTTACGACTTAGTCCCAATCGTCGAGTTGACCTTCGGCGCT,66,1.32,No Hit
GGAAACCTTGTTACGACTTTTACTTCCTCTAAGCGCTACAGTTTGGTCGT,58,1.16,No Hit
GGAAACCTTGTTACGACTTTTACTTCCTCTAGATGATACAGTTTGAACAT,54,1.08,No Hit
GGCTACCTTGTTACGACTTCACCCCAGTCGCTGAGCCTACCGTGGCCGGC,50,1.0,No Hit
GGAAACCTTGTTACGACTTNACCTTCCTCTAGATGATAAGGTTTAGACAA,50,1.0,No Hit
GGCTACCTTGTTACGACTTCACCCCAGTCGCTGAGCTTACCGTGGTCCGC,49,0.98,No Hit
GGCTACCTTGTTACGACTTNACCCCAGTCGCTGAGCCTACCGTGGTTGGC,48,0.96,No Hit
GGCTACCTTGTTACGACTTCACCCCAGTCGCTGAGCCTACCGTGGTCGGC,45,0.8999999999999999,No Hit
GGCTACCTTGTTACGACTTCACCCCAGTCGCTGAACCCACCGTGGTCAGC,42,0.84,No Hit
GGCTACCTTGTTACGACTTCACCCCAGTCGCTGATCCGACCGTGGACGGC,39,0.7799999999999999,No Hit
GGAAACCTTGTTACGACTTNACCTTCCTCTAAATGATAAGGTTTAGACAA,36,0.72,No Hit
GGCTACCTTGTTACGACTTCACCCCAGTCGCTGAGCCTACCGTGGCCAGC,34,0.6799999999999999,No Hit
GGCTACCTTGTTACGACTTAGTCCCAATCGTCGAGCTGACCTTCGGCACC,33,0.66,No Hit
GGATACCTTGTTACGACTTCTCCTTCCTCTAAATGTTATGGTTTGCACAA,33,0.66,No Hit
GGCTACCTTGTTACGACTTAGTCCCAGTCACCAGCCTCACCGTGGGCACC,33,0.66,No Hit
GGCTACCTTGTTACGACTTCACCCCAGTCGCTGATCCTACCGTGGCCGCC,29,0.58,No Hit
GGAAACCTTGTTACGACTTCACCTTCCTCTAAATGGTAAGGTTTAATCAA,25,0.5,No Hit
GGCTACCTTGTTACGACTTCACCCCAGTCATTGACCACACCGTGGCAAGC,23,0.45999999999999996,No Hit
GGAAACCTTGTCACGACTTCACCTTCCTCTAAATGATAAGGTTTAGACAA,22,0.44,No Hit
GGTTACCTTGTTACGACTTCACCCCAGTCATGAATCACAAAGTGGTAAGC,22,0.44,No Hit
GGCTACCTTGTTACGACTTCACCCCAGTCATTGACCACACCGTGGTAAAC,22,0.44,No Hit
GGCTACCTTGTTACGACTTCACCCCAGTCGCTGATCCTACCGTGGTCGCC,22,0.44,No Hit
GGAAACCTTGTCACGACTTCACCTTCCTCTAGATGATAAGGTTTAGACAA,22,0.44,No Hit
GGCTACCTTGTCACGACTTCACCCCAGTCGCTGAGCCTACCGTGGTTGGC,22,0.44,No Hit
GGCTACCTTGTTACGACTTCACCCCAGTCGCTGATCCTACCGTGGCCGGC,21,0.42,No Hit
GGCTACCTTGTTACGACTTCACCCCAGTCGCTGACCCTACCGTGGCCGCC,20,0.4,No Hit
GGCTACCTTGTTACGACTTCACCCCAGTCGCTGAGCTTACCGTGGCCAGC,20,0.4,No Hit
GGCTACCTTGTTACGACTTCACCCCAGTCATGAACCACACCGTGGTGATC,19,0.38,No Hit
GGAGACCTTGTTACGACTTCTCCTTCCTCTAAGCAGTATGGTTCAATAAA,19,0.38,No Hit
GGAAACCTTGTTACGACTTCACCTTCCTCTAAATGATAAGATTCACTCAA,18,0.36,No Hit
GGCTACCTTGTTACGACTTNACCCCAGTCGCTGAGCTTACCGTGGCCGGC,16,0.32,No Hit
GGCTACCTTGTTACGACTTCACCCCAGTCGCTGAGCCTACCGTGGTCCGC,16,0.32,No Hit
GGCTACCTTGTTACGACTTCACCCCAGTCATTGATCACACCGTGGTAAAC,16,0.32,No Hit
GGAAACCTTGTTACGACTTCACCTTCCTCTAAATGATAAGGTTCAGACAA,16,0.32,No Hit
AGAAACCTTGTTACGACTTCACCTTCCTCTAGATGATAAGGTTTAGACAA,14,0.27999999999999997,No Hit
GGCTACCTTGTTACGACTTCATCCCAATCACCAGCCCTGCCTTAGGACGC,14,0.27999999999999997,No Hit
GGAAACCTTGTTACGACTTTTACTTCCTCTAAAGGATCAAGTTTGAACAA,13,0.26,No Hit
GGCTACCTTGTTACGACTTCGTCCCAGTCACCGAGCTCACCGTAGGGATA,13,0.26,No Hit
GGTTACCTTGTTACGACTTAGTCCCCATCACGAGTTTCACCTTCGGCGCC,12,0.24,No Hit
GGAAACCTTGTTACGACTTTTACTTCCTCTAAATGATCAAGTTTGACCAA,12,0.24,No Hit
GGCTACCTTGTTACGACTTCACCCCAGTCGCTGAGCTCACCGTGGTCCGC,11,0.22,No Hit
GGAAACCTTGTTACGACTTCACCTTCCTCTAAATGGCGAGGTTAAAAAAA,10,0.2,No Hit
GGATACCTTGTGACGACTTAACCCTTCTCACTGAACTTACGTTTGGCTAG,10,0.2,No Hit
GGCTACCTTGTTACGACTTAGTCCCAGTCACCGAGCCTGCCGTCGGCACC,9,0.18,No Hit
GGCTACCTTGTTACGACTTCACCCCAGTCGCTGACCTTACCGTGGACGGC,9,0.18,No Hit
AGTTACCTTGTGACGACTTAACCCCTCTCACTGAGCTCCGGTTCGGCTGT,8,0.16,No Hit
GGCTACCTTGTTACGACTTCACCCCAGTCGCTGACCTGACCGTGGTCGGC,8,0.16,No Hit
GGCTACCTTGTTACGACTTNACCCCAGTCACCATTCACTCCTTCGGCGGC,8,0.16,No Hit
AGCTACCTTGTTACGACTTCACCCCAGTCGCTGAGCCTACCGTGGTTGGC,8,0.16,No Hit
GGCTACCTTGTTACGACTTAGTCCCAATCACGGAGTTCATCTTCGGCGCC,8,0.16,No Hit
GAAAACCTTGTTACGACTTCTCCTTCCTACAAACAAGAAGGTTTGTTTGG,8,0.16,No Hit
GGCTACCTTGTTACGACTTCACCCCAGTCATTAACCACACCGTGGTAAAC,8,0.16,No Hit
CACTACCTTGTTACGACTTCACCCCAGTTACCTACAAAACTGTCGATATT,7,0.13999999999999999,No Hit
GGCTACCTTGTTACGACTTCACCCCAGTCACCGTTCACTCCTTCGGCGGC,7,0.13999999999999999,No Hit
GGCTACCTTGTTACGACTTCACCCCAGTCGCTGATCCTACCGTGGTCCGC,7,0.13999999999999999,No Hit
GATAACCTTGTTACGACTTCTCCTTCCTACAGACCCCCAGATTTGCATGT,7,0.13999999999999999,No Hit
GGCTACCTTGTCACGACTTCACCCCAGTCGCTGAGCTTACCGTGGCCGGC,7,0.13999999999999999,No Hit
GGTTACCTTGTTACGACTTCGCTCCGGTTACCAAACAGATCTTGATCATA,6,0.12,No Hit
GGTTACCTTGTTACGACTTAGTCCCAATCAGGAGTCTCGCCTTCGGCCCT,6,0.12,No Hit
GGCTACCTTGTTACGACTTCGTCCCAGTCGCTGACCCTACCGTGGCTGGC,6,0.12,No Hit
GGCTACCTTGTTACGACTTCACCCCAGTCGCTGAGCCTACCGTGGCTGGC,6,0.12,No Hit
GGAAACCTTGTTACGACTTCTCCTTCCTCTAAGTGATAAGGTTTACTTAA,6,0.12,No Hit
GGCTACCTTGTTACGACTTNGTCCCAATCGTCGAGTTGACCTTCGGCGCT,6,0.12,No Hit
GGAAACCTTGTTACGACTTTTACTTCCTCTAAAGGATCAAGTTTGAACAT,6,0.12,No Hit
GGCTACCTTGTTACGACTTCACCCCAGTCGCTGAGCCTACCGTGGTTCGC,6,0.12,No Hit
GGCTACCTTGTTACGACTTNACCCCAGTCGCTGATCCTACCGTGGTCGCC,6,0.12,No Hit
GGCTACCTTGTTACGACTTCACCCCAGTCGCTGACCCTACCGTGGCCGGC,6,0.12,No Hit
GGCTACCTTGTTACGACTTCGTCCCAGTCACCGAGTTTACCGTAGGGACA,6,0.12,No Hit
GGCTACCTTGTTACGACTTCACCCCAGTCGCTGACCTTACCGTGGCCGGC,6,0.12,No Hit
GGCTACCTTGTTACGACTTCACCCCAGTCGCTGAGCTTACCGTGGTTGGC,6,0.12,No Hit
