Barcode,Count
AACCACTAACCG,161256
AGGGTGACTTTA,129427
CACAACCACAAC,120013
GGCGTAACGGCA,101603
CAAATTCGGGAT,93879
GTTGCTGAGTCC,86939
AGTTGTAGTCCG,81052
GATGCCTAATGA,72628
ACACCGCACAAT,69348
CGCAATGAGGGA,69150
AGTTCTCATTAA,68011
ATAGGAATAACC,66788
CACCCTTGCGAC,66155
GTACTCGAACCA,64421
AGACTTCTCAGG,63039
GATATACCAGTG,62818
TCTTGCGGAGTC,61693
ATGGGACCTTCA,59502
CTCAGCGGGACG,59062
CCGCAGCCGCAG,58234
CAATGTAGACAC,57851
ATAGTCCTTTAA,57791
TTAGTTTGTCAC,56379
CTATCTCCTGTC,54664
CCGAGGTATAAT,52520
GTTGTTCTGGGA,49820
CTGATGTACACG,48256
GAGCCATCTGTA,46610
GAATATACCTGG,46489
CGGCCAGAAGCA,45462
GTGTCGAGGGCA,44644
GAAGTAGCGAGC,42020
ACTGTTTACTGT,41442
GATCTAATCGAG,41342
CGTTCCTTGTTA,41241
GTCAGTATGGCT,41062
GAGCCCAAAGAG,38967
CCATGTGGCTCC,38682
CCGCGTCTCAAC,38492
GAATCTGACAAC,36412
CAGGCCACTCTC,36048
CGCTAGGATGTT,35384
TGGCAGCGAGCC,33289
CCTAACGGTCCA,31101
TAAGGTCGATAA,30917
ATTGCCTTGATT,30423
ATTATGATTATG,30009
ACAGTTGTACGC,29537
TTACTTATCCGA,29000
GTACGTCACTGA,28917
